City_ID,City,Lat,Lng,Max Temp,Humidity,Cloudiness,Wind Speed,Country,Date
0,kodiak,57.79,-152.4072,256.88,66,0,2.06,US,1706647312
1,atafu village,-8.5421,-172.5159,302.27,71,67,2.8,TK,1706647312
2,waingapu,-9.6567,120.2641,298.12,84,53,2.35,ID,1706647312
3,bethel,41.3712,-73.414,275.38,67,100,1.54,US,1706647157
4,hami,42.8,93.45,268.6,53,100,2.54,CN,1706647312
5,nadym,65.5333,72.5167,252.6,95,37,7.7,RU,1706647313
6,vorgashor,67.5833,63.95,260.0,95,100,4.74,RU,1706647313
7,longyearbyen,78.2186,15.6401,268.06,68,75,4.12,SJ,1706647313
8,christchurch,-43.5333,172.6333,294.49,74,39,3.09,NZ,1706647273
9,broken hill,-31.95,141.4333,289.59,48,0,10.02,AU,1706647024
10,gamba,-2.65,10.0,299.29,88,100,1.81,GA,1706647313
11,adamstown,-25.066,-130.1015,296.62,90,100,12.14,PN,1706647313
12,harstad,68.799,16.5293,278.81,94,100,32.63,NO,1706647314
13,olonkinbyen,70.9221,-8.7187,268.68,86,100,7.49,SJ,1706647314
14,kapa'a,22.0752,-159.319,297.65,79,100,3.58,US,1706647314
15,bowen,-20.0167,148.2333,299.9,85,100,1.84,AU,1706647314
16,cherdyn',60.403,56.4787,270.49,94,100,3.7,RU,1706647314
17,waitangi,-43.9535,-176.5597,290.83,97,100,2.24,NZ,1706647314
18,port-aux-francais,-49.35,70.2167,276.97,74,82,14.47,TF,1706647315
19,puerto ayora,-0.7393,-90.3518,304.13,78,87,5.25,EC,1706647315
20,praia,14.9215,-23.5087,296.45,64,5,6.17,CV,1706647213
21,wucheng,29.6008,118.175,285.9,98,100,0.54,CN,1706647315
22,lompoc,34.6391,-120.4579,296.31,52,0,0.45,US,1706647315
23,udachny,66.4167,112.4,244.71,100,98,1.26,RU,1706647316
24,corner brook,48.9667,-57.9484,262.24,90,2,0.69,CA,1706647108
25,jamestown,42.097,-79.2353,275.68,93,100,4.12,US,1706647316
26,tiksi,71.6872,128.8694,245.03,99,43,1.85,RU,1706647316
27,wailua homesteads,22.0669,-159.378,296.9,80,100,3.58,US,1706647316
28,port douglas,-16.4833,145.4667,301.05,84,100,2.64,AU,1706647316
29,yellowknife,62.456,-114.3525,262.44,92,100,5.66,CA,1706647316
30,monrovia,6.3005,-10.7969,302.02,83,18,4.69,LR,1706647317
31,gereida,11.2811,25.1414,294.05,16,88,6.36,SD,1706647317
32,thompson,55.7435,-97.8558,277.24,75,75,3.6,CA,1706647317
33,guerrero negro,27.9769,-114.0611,296.03,36,0,4.47,MX,1706647317
34,lata,40.1629,-8.3327,285.33,78,99,2.02,PT,1706647317
35,east london,-33.0153,27.9116,295.81,81,100,1.8,ZA,1706647317
36,pumiao,22.75,108.4833,286.37,99,100,0.77,CN,1706647318
37,remire-montjoly,4.9167,-52.2667,303.17,79,75,4.12,GF,1706647318
38,weno,7.4515,151.8468,300.12,74,100,4.12,FM,1706647318
39,tananger,58.9333,5.6,276.55,78,40,0.0,NO,1706647318
40,susuman,62.7833,148.1667,234.7,100,95,0.41,RU,1706647318
41,goundam,16.4145,-3.6708,295.29,13,0,4.86,ML,1706647318
42,vilyuchinsk,52.9306,158.4028,258.67,77,97,3.47,RU,1706647319
43,edinburgh of the seven seas,-37.0676,-12.3116,287.59,60,67,4.59,SH,1706647319
44,albany,42.6001,-73.9662,273.44,81,100,2.53,US,1706647214
45,tarfaya,27.9358,-12.9218,293.03,59,80,5.05,MA,1706647319
46,mantua,45.1667,10.7833,274.73,71,94,1.25,IT,1706647319
47,hovd,48.0056,91.6419,250.98,96,92,0.19,MN,1706647319
48,bilibino,68.0546,166.4372,240.23,99,100,0.19,RU,1706647320
49,reggane,26.7158,0.1714,292.28,23,0,7.04,DZ,1706647320
50,ilulissat,69.2167,-51.1,249.16,49,66,3.09,GL,1706647320
51,kaspiyskiy,45.3929,47.3707,270.49,77,94,7.01,RU,1706647320
52,puerto natales,-51.7236,-72.4875,291.4,52,100,12.86,CL,1706647320
53,grytviken,-54.2811,-36.5092,277.73,76,21,4.17,GS,1706647320
54,hithadhoo,-0.6,73.0833,300.64,76,72,2.36,MV,1706647321
55,kisesa,-3.0833,34.15,291.02,94,100,1.98,TZ,1706647321
56,ushuaia,-54.8,-68.3,288.96,55,75,5.14,AR,1706647321
57,port elizabeth,-33.918,25.5701,295.55,84,0,1.54,ZA,1706647321
58,puerto baquerizo moreno,-0.9,-89.6,299.7,89,75,5.14,EC,1706647321
59,iqaluit,63.7506,-68.5145,252.42,63,100,5.66,CA,1706647322
60,fada,9.5667,8.3,297.35,23,76,3.45,NG,1706647322
61,rikaze,29.25,88.8833,269.06,46,2,2.44,CN,1706647322
62,ribeira brava,32.65,-17.0667,292.6,78,100,1.55,PT,1706647322
63,port alfred,-33.5906,26.891,295.47,90,100,0.45,ZA,1706647322
64,talnakh,69.4865,88.3972,256.04,81,100,4.81,RU,1706647322
65,la passe,45.5549,-0.8967,284.28,89,37,2.05,FR,1706647323
66,vacaria,-28.5122,-50.9339,295.58,79,29,1.12,BR,1706647217
67,morteau,47.0667,6.6167,277.92,75,0,0.51,FR,1706647323
68,sosnovo-ozerskoye,52.5249,111.5418,236.68,100,83,1.11,RU,1706647323
69,sa kaeo,13.75,102.3333,296.8,74,10,2.08,TH,1706647323
70,sharm el-sheikh,27.8518,34.305,289.23,36,0,2.57,EG,1706647324
71,soio,-6.1349,12.3689,300.21,87,100,2.55,AO,1706647324
72,vega de alatorre,20.0333,-96.6333,293.65,72,100,2.4,MX,1706647324
73,taos,36.4072,-105.5731,284.96,32,0,1.54,US,1706647324
74,rudnyy,52.9594,63.1206,263.28,99,75,3.4,KZ,1706647325
75,bardai,11.65,7.2333,294.93,20,60,5.31,NG,1706647325
76,krotovka,53.2858,51.1686,270.94,90,39,7.04,RU,1706647325
77,college,64.8569,-147.8028,246.12,68,75,0.0,US,1706647325
78,blackmans bay,-43.0167,147.3167,288.22,66,100,1.34,AU,1706647325
79,aiquile,-18.2041,-65.1807,293.29,68,61,5.48,BO,1706647325
80,constantia,44.1833,28.65,270.53,77,37,4.17,RO,1706647326
81,bredasdorp,-34.5322,20.0403,293.03,81,100,3.56,ZA,1706647326
82,valdemorillo,40.5006,-4.0671,283.49,61,47,1.38,ES,1706647326
83,kone,-21.0595,164.8658,299.71,74,92,0.3,NC,1706647326
84,port mathurin,-19.6833,63.4167,300.62,77,100,8.93,MU,1706647326
85,weligama,5.9667,80.4167,297.56,91,11,1.63,LK,1706647327
86,bonthe,7.5264,-12.505,299.63,83,12,3.67,SL,1706647327
87,constitucion,-35.3333,-72.4167,295.76,50,71,7.98,CL,1706647327
88,stanley,54.868,-1.6985,277.48,87,20,3.09,GB,1706647327
89,pisco,-13.7,-76.2167,302.18,58,0,6.69,PE,1706647327
90,invercargill,-46.4,168.35,289.83,75,29,1.79,NZ,1706647090
91,fortuna,40.5982,-124.1573,295.57,39,0,10.29,US,1706647328
92,fort st. john,56.2499,-120.8529,282.09,43,20,13.38,CA,1706647130
93,margaret river,-33.95,115.0667,287.54,86,3,3.66,AU,1706647328
94,georgetown,5.4112,100.3354,300.11,75,20,4.12,MY,1706647328
95,kailua-kona,19.6406,-155.9956,299.13,87,100,4.12,US,1706647038
96,port augusta,-32.5,137.7667,289.57,60,0,7.35,AU,1706647329
97,lihue,21.9789,-159.3672,297.24,80,100,1.54,US,1706647248
98,keflavik,64.0049,-22.5624,272.39,74,75,12.35,IS,1706647329
99,west island,-12.1568,96.8225,300.14,74,40,2.06,CC,1706647329
100,ust-nera,64.5667,143.2,237.52,100,100,1.46,RU,1706647329
101,sanctuary point,-35.1114,150.629,294.44,92,100,3.9,AU,1706647330
102,nhamunda,-2.1861,-56.7131,302.3,81,73,0.98,BR,1706647275
103,bismarck,46.8083,-100.7837,284.19,73,0,3.6,US,1706647200
104,avarua,-21.2078,-159.775,303.18,70,81,3.09,CK,1706647330
105,punta arenas,-53.15,-70.9167,289.16,87,100,3.6,CL,1706647323
106,hamilton,39.1834,-84.5333,275.62,94,100,3.09,US,1706647032
107,mili,6.0815,171.735,299.75,82,100,0.97,MH,1706647331
108,ormara,25.2088,64.6357,295.89,74,100,4.87,PK,1706647331
109,whitehorse,60.7161,-135.0538,276.58,66,20,7.2,CA,1706647331
110,pedernales,18.0384,-71.744,298.69,78,24,1.06,DO,1706647332
111,tolanaro,-25.0319,46.9987,298.19,83,40,5.14,MG,1706647332
112,mao,39.8885,4.2658,284.46,82,40,2.06,ES,1706647332
113,trunovskoye,45.4878,42.1358,270.87,86,28,2.45,RU,1706647332
114,utrik,11.2278,169.8474,299.26,74,100,8.97,MH,1706647332
115,aykhal,66.0,111.5,248.9,100,99,1.65,RU,1706647333
116,sao jose da coroa grande,-8.8978,-35.1478,299.99,70,12,4.18,BR,1706647333
117,vila franca do campo,37.7167,-25.4333,289.38,91,35,1.93,PT,1706647333
118,sirsilla,18.3833,78.8333,293.39,52,8,3.2,IN,1706647333
119,nar'yan-mar,67.6713,53.087,267.26,92,73,4.7,RU,1706647334
120,klaksvik,62.2266,-6.589,280.66,92,100,14.03,FO,1706647334
121,kirensk,57.7853,108.1119,235.35,100,52,0.89,RU,1706647334
122,blackfoot,43.1905,-112.345,282.03,75,8,2.06,US,1706647334
123,egilsstadir,65.2653,-14.3948,269.1,80,40,4.12,IS,1706647334
124,fisterra,42.9049,-9.2629,285.23,75,97,1.79,ES,1706647335
125,tateyama,34.9833,139.8667,283.25,62,3,2.06,JP,1706647335
126,mae hong son,19.3003,97.9685,288.98,95,5,0.33,TH,1706647335
127,hawaiian paradise park,19.5933,-154.9731,301.98,67,0,1.54,US,1706647335
128,geraldton,-28.7667,114.6,294.38,78,0,4.63,AU,1706647336
129,ribeira grande,38.5167,-28.7,289.37,82,20,3.09,PT,1706647336
130,hermanus,-34.4187,19.2345,294.15,77,65,3.91,ZA,1706647336
131,papatowai,-46.5619,169.4708,289.68,67,55,2.54,NZ,1706647336
132,sungailiat,-1.85,106.1333,299.26,85,100,3.95,ID,1706647337
133,porto novo,6.4965,2.6036,302.05,75,5,3.02,BJ,1706647337
134,yorkton,51.2167,-102.4677,279.06,70,0,4.12,CA,1706647137
135,chagoda,59.164,35.3285,266.32,97,98,1.92,RU,1706647337
136,raymondville,26.4815,-97.7831,295.9,33,100,1.81,US,1706647338
137,port saint john's,-31.6229,29.5448,296.41,90,99,0.34,ZA,1706647338
138,howrah,22.5892,88.3103,294.15,78,75,3.09,IN,1706647338
139,hadibu,12.65,54.0333,297.59,78,90,3.8,YE,1706647338
140,ban karon,7.8477,98.2985,297.1,77,36,7.08,TH,1706647338
141,haiku-pauwela,20.9219,-156.3051,298.8,82,75,6.17,US,1706647339
142,happy valley-goose bay,53.3168,-60.3315,261.32,37,20,7.2,CA,1706647339
143,brasileia,-11.0161,-68.7481,303.4,79,75,2.57,BR,1706647339
144,viedma,-40.8135,-62.9967,305.12,34,73,6.36,AR,1706647340
145,kununurra,-15.7667,128.7333,298.14,88,79,0.51,AU,1706647340
146,angaur state,6.906,134.13,300.25,84,87,9.95,PW,1706647340
147,petropavlovsk-kamchatsky,53.0452,158.6483,257.85,94,75,4.0,RU,1706647340
148,nuuk,64.1835,-51.7216,260.49,61,100,10.8,GL,1706647341
149,cabo san lucas,22.8909,-109.9124,302.32,39,75,4.63,MX,1706647228
150,macapa,0.0389,-51.0664,302.14,74,40,3.09,BR,1706647341
151,rio grande,-32.035,-52.0986,302.21,66,22,6.56,BR,1706647341
152,yantarnyy,54.8717,19.9381,276.07,80,100,7.63,RU,1706647342
153,sal rei,16.1833,-22.9167,296.25,72,0,6.56,CV,1706647342
154,campbellton,48.0075,-66.6727,264.4,91,79,0.32,CA,1706647342
155,argo,37.6333,22.7333,276.61,93,96,2.46,GR,1706647343
156,coquimbo,-29.9533,-71.3436,293.0,77,75,4.63,CL,1706647343
157,anadyr,64.75,177.4833,240.43,74,0,3.0,RU,1706647343
158,rabak,13.1809,32.74,295.95,14,76,6.87,SD,1706647344
159,balykchy,42.4557,76.1861,271.93,89,96,0.45,KG,1706647344
160,mawu,29.5923,107.3139,280.04,88,100,0.22,CN,1706647344
161,konstantinovka,49.6167,127.9833,239.87,100,99,0.84,RU,1706647344
162,chegdomyn,51.1167,133.0167,240.74,100,98,0.86,RU,1706647345
163,fale old settlement,-9.3852,-171.2468,302.63,69,35,2.45,TK,1706647345
164,kristiansund,63.1115,7.732,274.51,55,0,1.54,NO,1706647345
165,al mishkhab,31.8042,44.4911,286.21,37,53,4.88,IQ,1706647345
166,afif,23.9065,42.9172,287.95,25,45,2.56,SA,1706647346
167,bangassou,4.7413,22.8184,296.84,40,98,0.58,CF,1706647346
168,benjamin hill,30.1667,-111.1,293.25,45,100,6.82,MX,1706647346
169,motygino,58.1831,94.7592,242.47,99,6,1.79,RU,1706647346
170,ende,-8.8432,121.6623,299.27,87,92,1.16,ID,1706647346
171,puerto aysen,-45.4,-72.7,287.37,95,100,2.1,CL,1706647347
172,neubulach,48.6609,8.6961,280.87,75,100,1.31,DE,1706647347
173,nagqu,31.5,92.0,260.11,45,100,1.12,CN,1706647347
174,el granada,37.5027,-122.4694,294.53,74,0,3.6,US,1706647348
175,mount pearl,47.5166,-52.7813,267.34,81,100,7.72,CA,1706647348
176,dowlatabad,32.7998,51.6955,271.97,64,0,1.03,IR,1706647348
177,tingi,-11.3,35.0333,290.99,83,72,0.75,TZ,1706647348
178,north bend,43.4065,-124.2243,288.84,88,100,0.0,US,1706647348
179,tazovsky,67.4667,78.7,253.36,93,92,6.81,RU,1706647349
180,alo,7.4178,6.7371,303.46,20,86,0.72,NG,1706647349
181,vilyuysk,63.7553,121.6247,247.03,99,100,1.48,RU,1706647349
182,alofi,-19.0595,-169.9187,300.99,87,99,6.83,NU,1706647349
183,horta,38.5333,-28.6333,288.95,87,20,3.09,PT,1706647350
184,luwingu,-10.2621,29.9271,289.96,96,73,1.82,ZM,1706647350
185,bereznik,62.8551,42.7072,271.32,90,48,3.51,RU,1706647350
186,tromso,69.6496,18.957,279.16,61,75,20.06,NO,1706647350
187,dolores,-36.3132,-57.6792,304.52,37,19,8.35,AR,1706647350
188,isiro,2.7739,27.616,293.86,46,99,1.05,CD,1706647351
189,sokoni,-6.4333,39.55,300.62,84,99,4.82,TZ,1706647351
190,dryden,49.7833,-92.7503,271.31,93,100,5.66,CA,1706647351
191,qaqortoq,60.7167,-46.0333,252.65,73,74,3.72,GL,1706647351
192,iskateley,67.6803,53.1512,266.99,93,76,4.59,RU,1706647351
193,tirlyanskiy,54.2109,58.5806,263.82,97,100,1.27,RU,1706647352
194,glace bay,46.1969,-59.957,268.03,69,20,8.75,CA,1706647352
195,severo-yeniseyskiy,60.3725,93.0408,244.03,94,21,1.79,RU,1706647352
196,san fernando,15.0286,120.6898,296.0,85,13,2.46,PH,1706647352
197,grande prairie,55.1667,-118.8027,281.25,46,20,8.75,CA,1706647345
198,spokoynaya,44.2468,41.4015,269.21,87,17,1.41,RU,1706647352
199,illizi,26.4833,8.4667,286.04,39,0,6.61,DZ,1706647353
200,isangel,-19.55,169.2667,297.21,83,61,0.0,VU,1706647353
201,urcos,-13.6861,-71.6228,295.09,61,100,2.65,PE,1706647353
202,lijiang,26.8688,100.2207,270.8,81,1,2.59,CN,1706647353
203,rawlins,41.7911,-107.2387,281.09,53,0,6.17,US,1706647353
204,vila velha,-20.3297,-40.2925,303.12,85,20,3.09,BR,1706647353
205,mil'kovo,55.6078,37.7956,273.42,96,100,1.5,RU,1706647354
206,bassar,9.25,0.7833,300.08,20,81,0.8,TG,1706647354
207,arteche,12.2645,125.4048,298.24,88,100,6.85,PH,1706647354
208,vallegrande,-18.4897,-64.1069,291.51,82,94,2.66,BO,1706647354
209,smithers,54.7804,-127.1743,280.33,70,20,1.03,CA,1706647354
210,enewetak,11.3474,162.3373,299.61,71,79,8.85,MH,1706647355
211,nuku'alofa,-21.1333,-175.2,301.34,89,75,2.06,TO,1706647355
212,badger,64.8,-147.5333,246.08,73,75,0.0,US,1706647355
213,dadukou,26.5479,101.7054,279.77,62,0,1.15,CN,1706647355
214,ordynskoye,54.3656,81.8994,254.76,97,86,2.12,RU,1706647355
215,nemuro,43.3236,145.575,270.48,66,97,3.77,JP,1706647356
216,cobija,-11.0267,-68.7692,303.25,79,75,2.57,BO,1706647356
217,batken,39.8333,71.0,263.46,95,100,0.57,KG,1706647356
218,novaya balakhna,56.4906,43.5919,270.15,96,36,2.71,RU,1706647356
219,manacapuru,-3.2997,-60.6206,304.51,62,99,2.13,BR,1706647356
220,namsos,64.4662,11.4957,278.18,80,40,2.57,NO,1706647214
221,klyuchi,52.2667,79.1667,254.81,94,82,2.7,RU,1706647356
222,riyadh,24.6877,46.7219,293.23,21,48,4.2,SA,1706647165
223,dalandzadgad,43.5708,104.425,254.73,85,6,0.75,MN,1706647357
224,san patricio,28.017,-97.5169,295.2,39,100,1.84,US,1706647357
225,pukchil-lodongjagu,40.2019,125.7483,268.13,86,98,1.07,KP,1706647357
226,zomba,-15.386,35.3188,290.95,76,9,0.99,MW,1706647357
227,the pas,53.8251,-101.2541,278.16,75,0,3.6,CA,1706647358
228,duki,30.1541,68.5728,282.75,49,2,1.41,PK,1706647358
229,antsiranana,-12.2787,49.2917,297.43,91,23,2.44,MG,1706647358
230,emerald,-23.5333,148.1667,297.78,97,100,2.61,AU,1706647358
231,fort mcmurray,56.7268,-111.381,282.88,61,75,5.66,CA,1706647358
232,choele choel,-39.2667,-65.6833,311.79,13,56,6.22,AR,1706647359
233,aginskoye,51.1,114.53,245.41,93,61,2.29,RU,1706647359
234,ierapetra,35.01,25.7353,281.01,76,97,5.36,GR,1706647359
235,merouana,35.6311,5.9119,277.98,82,42,1.69,DZ,1706647359
236,coahuayana de hidalgo,18.7,-103.6583,303.06,56,100,3.7,MX,1706647359
237,antofagasta,-23.65,-70.4,295.75,73,22,5.01,CL,1706647359
238,salida,37.7058,-121.0849,294.76,72,0,2.57,US,1706647157
239,mulayjah,27.271,48.4242,290.27,67,32,3.48,SA,1706647360
240,codrington,-38.2667,141.9667,289.07,73,4,3.87,AU,1706647360
241,flekkefjord,58.2971,6.6607,276.45,90,64,3.07,NO,1706647360
242,bayanhongor,46.7167,100.1167,247.06,79,1,1.72,MN,1706647361
243,kyabe,9.4515,18.9449,300.82,17,0,2.42,TD,1706647361
244,lockport,41.5895,-88.0578,278.66,86,100,3.09,US,1706647361
245,badiyah,22.45,58.8,293.89,86,100,2.53,OM,1706647361
246,kamaishi,39.2667,141.8833,275.74,75,32,2.31,JP,1706647361
247,bei'an,24.5399,109.533,285.67,98,100,0.27,CN,1706647361
248,mount gambier,-37.8333,140.7667,287.01,79,7,1.95,AU,1706647362
249,sandnessjoen,66.0217,12.6316,277.44,81,75,14.92,NO,1706647362
250,okha,53.5739,142.9478,252.98,93,64,6.28,RU,1706647362
251,palikir - national government center,6.9248,158.1611,299.56,74,40,3.09,FM,1706647362
252,haapsalu,58.9431,23.5414,274.25,92,100,3.61,EE,1706647362
253,hasaki,35.7333,140.8333,276.37,67,68,0.45,JP,1706647363
254,isafjordur,66.0755,-23.124,270.0,84,100,5.58,IS,1706647363
255,holualoa,19.6228,-155.9522,297.35,86,100,4.12,US,1706647363
256,abra pampa,-22.7205,-65.697,289.72,45,70,6.78,AR,1706647363
257,kenora,49.8167,-94.4337,273.69,93,100,6.17,CA,1706647363
258,nova sintra,14.8667,-24.7167,294.31,66,0,5.38,CV,1706647363
259,castillos,-34.1667,-53.8333,297.06,52,1,4.63,UY,1706647364
260,ola,59.5833,151.2833,246.56,89,24,3.53,RU,1706647364
261,viamao,-30.0811,-51.0233,303.18,55,20,3.6,BR,1706647364
262,sao tome,0.3365,6.7273,300.85,81,99,1.84,ST,1706647364
263,enoch,37.7733,-113.0244,286.75,58,0,0.45,US,1706647364
264,pacific grove,36.6177,-121.9166,291.14,86,0,5.36,US,1706647260
265,notodden,59.5594,9.2585,265.58,95,41,1.79,NO,1706647218
266,caleta de carquin,-11.0925,-77.6267,298.87,75,87,5.13,PE,1706647365
267,kerkdriel,51.7714,5.3372,280.5,73,100,3.39,NL,1706647365
268,st. catharines,43.1668,-79.2496,277.09,77,100,3.6,CA,1706647147
269,marco island,25.9363,-81.7157,296.51,45,0,3.6,US,1706647266
270,saint-jean-d'angely,45.95,-0.5167,284.02,90,91,1.66,FR,1706647366
271,itsa,29.2376,30.7894,282.81,54,5,2.24,EG,1706647366
272,coari,-4.085,-63.1414,303.16,74,100,1.06,BR,1706647366
273,kisolon,8.33,124.9769,294.47,98,100,1.21,PH,1706647366
274,zheshart,62.0731,49.5733,269.38,90,45,4.04,RU,1706647366
275,ulsteinvik,62.3432,5.8487,278.22,67,76,5.81,NO,1706647366
276,wau,7.7029,27.9953,298.61,22,67,2.08,SS,1706647367
277,walvis bay,-22.9575,14.5053,294.68,73,5,3.09,NA,1706647330
278,forster,-32.1667,152.5167,294.42,100,13,1.42,AU,1706647367
279,mount isa,-20.7333,139.5,298.02,94,100,7.72,AU,1706647367
280,taro,-8.3862,115.28,296.15,91,97,0.61,ID,1706647368
281,miles city,46.4083,-105.8406,282.69,61,0,0.0,US,1706647368
282,korla,41.7597,86.1469,267.84,71,88,2.72,CN,1706647155
283,berkane,34.9084,-2.3461,283.97,94,19,2.12,MA,1706647368
284,wynyard,-41.0,145.7167,288.86,71,83,3.87,AU,1706647368
285,greenland,43.0362,-70.8328,270.41,71,75,2.57,US,1706647368
286,island harbour,50.724,-1.2758,281.19,80,100,2.15,GB,1706647369
287,selfoss,63.9331,-20.9971,269.84,69,100,11.69,IS,1706647369
288,karlskrona,56.1616,15.5866,277.03,94,100,5.16,SE,1706647369
289,kerikeri,-35.2268,173.9474,296.43,80,6,1.69,NZ,1706647149
290,ust'-ilimsk,58.0006,102.6619,238.95,100,7,1.34,RU,1706647369
291,ceerigaabo,10.6162,47.368,288.82,63,52,0.57,SO,1706647370
292,aasiaat,68.7098,-52.8699,241.53,98,62,4.67,GL,1706647370
293,santa barbara,34.7333,-120.0343,293.03,47,0,0.0,US,1706647289
294,bereeda,11.8704,51.0579,297.56,71,98,3.59,SO,1706647370
295,antalaha,-14.9003,50.2788,298.1,86,98,3.26,MG,1706647370
296,palu,-0.8917,119.8707,297.49,96,82,0.84,ID,1706647370
297,akureyri,65.6835,-18.0878,272.11,74,100,5.66,IS,1706647370
298,linqiong,30.4159,103.4609,279.05,76,58,1.02,CN,1706647371
299,kalmunai,7.4167,81.8167,297.78,91,15,2.77,LK,1706647371
300,manokwari,-0.8667,134.0833,299.83,80,100,0.79,ID,1706647371
301,touros,-5.1989,-35.4608,300.84,73,30,6.72,BR,1706647277
302,tindouf,27.6711,-8.1474,292.4,22,0,2.57,DZ,1706647371
303,side,36.7667,31.3885,282.61,52,100,3.83,TR,1706647371
304,eyl,7.9803,49.8164,297.25,72,12,5.98,SO,1706647372
305,namibe,-15.1961,12.1522,297.56,77,47,1.93,AO,1706647372
306,gadzhiyevo,69.2551,33.3362,276.2,77,92,13.64,RU,1706647372
307,saint-pierre,-21.3393,55.4781,298.97,83,100,1.54,RE,1706647372
308,demba,-5.51,22.2667,293.43,97,100,0.57,CD,1706647372
309,wuyo,10.3852,11.6968,299.01,21,1,5.55,NG,1706647372
310,baker city,44.7749,-117.8344,284.99,65,0,5.14,US,1706647372
311,antonio enes,-16.2325,39.9086,299.29,74,60,1.09,MZ,1706647373
312,zaragoza,41.6561,-0.8773,285.94,75,100,1.54,ES,1706647373
313,labrador city,52.9463,-66.9114,261.1,37,20,6.17,CA,1706647373
314,amungan,15.3652,119.9582,296.17,70,35,2.85,PH,1706647373
315,ciudad lazaro cardenas,17.9583,-102.2,301.33,62,100,4.11,MX,1706647373
316,mirandela,41.4874,-7.187,284.98,77,100,0.84,PT,1706647373
317,kayangel,8.0823,134.7173,300.37,82,51,10.78,PW,1706647374
318,rey bouba,8.6724,14.1786,298.23,18,8,1.15,CM,1706647374
319,kavaratti,10.5669,72.642,300.66,68,61,3.35,IN,1706647374
320,luderitz,-26.6481,15.1594,292.26,86,2,4.82,NA,1706647374
321,gurupi,-11.7292,-49.0686,298.98,86,100,1.72,BR,1706647374
322,martuk,50.7475,56.5056,267.19,96,100,3.67,KZ,1706647374
323,newman,37.3138,-121.0208,294.96,71,94,3.39,US,1706647375
324,maues,-3.3836,-57.7186,301.44,84,95,1.75,BR,1706647375
325,santa luzia,-19.7697,-43.8514,303.65,56,75,3.6,BR,1706647375
326,lebu,-37.6167,-73.65,291.07,65,0,6.92,CL,1706647375
327,tsiombe,-25.3,45.4833,296.27,81,100,6.99,MG,1706647375
328,praia da vitoria,38.7333,-27.0667,289.29,82,75,5.34,PT,1706647375
329,saipan,15.1355,145.701,298.54,69,75,9.77,MP,1706647376
330,terrace,54.5163,-128.6035,282.1,87,75,4.63,CA,1706647340
331,ciudad miguel aleman,26.35,-99.1,294.37,41,100,3.09,MX,1706647376
332,lexington,37.9887,-84.4777,278.89,81,100,3.09,US,1706647107
333,juneau,58.3019,-134.4197,276.15,95,100,3.09,US,1706647376
334,uturoa,-16.7333,-151.4333,301.84,75,100,3.2,PF,1706647376
335,lazaro cardenas,17.9583,-102.2,301.33,62,100,4.11,MX,1706647113
336,shache,38.4167,77.2406,271.44,51,100,1.25,CN,1706647377
337,carnarvon,-24.8667,113.6333,298.66,70,21,6.87,AU,1706647377
338,al hoceima,35.2433,-3.9309,288.72,63,20,2.06,MA,1706647377
339,polyarnyy,69.1989,33.4478,276.32,77,93,12.67,RU,1706647377
340,imbituba,-28.24,-48.6703,298.07,77,42,2.17,BR,1706647377
341,mejit,10.2753,170.8646,299.44,79,100,10.62,MH,1706647378
342,dudinka,69.4058,86.1778,256.27,83,93,9.81,RU,1706647378
343,nizhneangarsk,55.7833,109.55,246.48,89,9,2.24,RU,1706647378
344,korsakov,46.6328,142.7813,257.06,87,89,2.47,RU,1706647378
345,alice springs,-23.7,133.8833,301.9,22,93,6.69,AU,1706647194
346,znamenskoye,57.1281,73.8282,259.41,96,100,2.78,RU,1706647378
347,tver,56.8619,35.8931,271.64,93,100,4.92,RU,1706647378
348,al bawiti,28.3492,28.8659,282.02,48,4,3.42,EG,1706647379
349,nikol'sk,53.7189,46.0712,267.91,95,88,3.96,RU,1706647379
350,buka,40.8108,69.1986,274.51,95,100,2.77,UZ,1706647379
351,plastun,44.7561,136.2939,263.48,72,100,1.4,RU,1706647379
352,tozkhurmato,34.8905,44.6299,283.41,67,100,3.28,IQ,1706647380
353,gisborne,-38.6533,178.0042,292.28,91,79,6.82,NZ,1706647380
354,morehead city,34.7229,-76.726,285.15,68,0,3.6,US,1706647380
355,loiza,18.4313,-65.8802,302.14,67,40,3.09,PR,1706647380
356,tarnogskiy gorodok,60.4997,43.5761,267.64,93,11,2.98,RU,1706647380
357,gidrotorf,56.4744,43.5414,270.14,96,39,2.63,RU,1706647380
358,tarawa,1.419,172.984,301.2,83,75,3.09,KI,1706647381
359,le port,-20.9373,55.2919,300.13,84,6,2.7,RE,1706647381
360,queenstown,-31.8976,26.8753,293.5,88,100,1.49,ZA,1706647381
361,bel ombre,-4.6167,55.4167,301.06,78,20,1.54,SC,1706647381
362,crane,31.3974,-102.3501,292.12,28,46,2.52,US,1706647381
363,kasongo,-4.45,26.6667,293.89,97,79,1.19,CD,1706647381
364,bogande,12.9714,-0.1436,297.82,15,10,4.54,BF,1706647382
365,mastic beach,40.7668,-72.8521,276.47,78,100,0.89,US,1706647382
366,phan thiet,10.9333,108.1,294.81,84,76,2.72,VN,1706647382
367,nieuw amsterdam,5.8833,-55.0833,303.24,70,40,4.12,SR,1706647382
368,timimoun,29.2639,0.231,289.36,39,0,6.69,DZ,1706647382
369,baotou,40.6522,109.8222,260.44,83,76,2.06,CN,1706647203
370,st. john's,47.5649,-52.7093,268.59,79,100,7.72,CA,1706647285
371,manaure,11.7751,-72.4445,300.87,70,7,8.53,CO,1706647383
372,zhuanghe,39.7008,122.9911,271.65,98,100,2.37,CN,1706647383
373,chonchi,-42.6128,-73.8092,297.23,48,37,2.65,CL,1706647383
374,san felice circeo,41.2372,13.0942,282.22,77,10,2.69,IT,1706647383
375,odienne,9.51,-7.5692,300.6,15,66,1.59,CI,1706647383
376,mount darwin,-16.7725,31.5838,293.35,75,68,0.5,ZW,1706647384
377,progreso,21.2833,-89.6667,298.21,53,97,3.78,MX,1706647384
378,chefchaouene,35.1688,-5.2636,285.91,90,26,3.28,MA,1706647384
379,ishimbay,53.4545,56.0415,266.08,96,99,2.59,RU,1706647384
380,alaghsas,17.0187,8.0168,293.08,23,96,9.24,NE,1706647384
381,conceicao do mato dentro,-19.0372,-43.425,297.84,79,100,1.18,BR,1706647385
382,nouadhibou,20.931,-17.0347,297.14,33,0,4.63,MR,1706647385
383,huarmey,-10.0681,-78.1522,299.28,74,99,4.58,PE,1706647385
384,merowe,18.4833,31.8167,289.7,28,30,6.18,SD,1706647385
385,minas de marcona,-15.2119,-75.1103,295.88,65,95,7.31,PE,1706647385
386,afaahiti,-17.75,-149.2833,302.08,82,77,2.78,PF,1706647386
387,keelakarai,9.2333,78.7833,298.63,83,10,5.16,IN,1706647386
388,alindao,5.0267,21.2088,299.67,29,100,0.06,CF,1706647386
389,pambujan,12.5642,124.9276,297.64,90,95,5.81,PH,1706647386
390,pineville,31.3224,-92.4343,297.17,36,0,5.14,US,1706647386
391,galesong,-5.3166,119.3661,297.16,80,98,2.09,ID,1706647387
392,yeppoon,-23.1333,150.7333,298.03,89,100,1.46,AU,1706647387
393,reyes,-14.3167,-67.3833,305.13,66,75,2.06,BO,1706647387
394,barcelos,41.5388,-8.6151,289.09,79,99,2.11,PT,1706647341
395,puerto deseado,-47.7503,-65.8938,296.63,34,13,10.46,AR,1706647285
396,hassi messaoud,31.6804,6.0729,287.07,44,0,2.57,DZ,1706647387
397,taco pozo,-25.6167,-63.2833,314.83,15,0,2.02,AR,1706647388
398,lulea,65.5842,22.1547,272.19,80,0,4.12,SE,1706647388
399,duong dong,10.2167,103.9667,297.15,88,0,1.54,VN,1706647388
400,santyoku,37.4406,129.1708,276.82,54,90,2.89,KR,1706647388
401,gornyak,50.9942,81.4661,261.03,84,100,3.6,RU,1706647388
402,rongelap,11.1635,166.8941,299.33,72,100,9.01,MH,1706647388
403,oum hadjer,13.2954,19.6966,296.42,16,0,6.78,TD,1706647389
404,tralee,52.2704,-9.7026,277.74,84,100,2.94,IE,1706647389
405,port lincoln,-34.7333,135.8667,289.06,73,3,4.91,AU,1706647389
406,levanger,63.7464,11.2996,268.18,70,27,2.28,NO,1706647389
407,mirnyy,62.5353,113.9611,241.64,100,92,1.6,RU,1706647389
408,kandalaksha,67.162,32.4123,273.94,87,63,4.77,RU,1706647390
409,hoemul-li,41.4339,129.67,268.76,87,70,1.71,KP,1706647390
410,lingig,8.0389,126.4125,298.46,94,100,5.09,PH,1706647390
411,sola,-13.8833,167.55,300.78,74,40,1.39,VU,1706647390
412,marsh harbour,26.5412,-77.0636,293.34,56,100,3.78,BS,1706647390
413,igarka,67.4667,86.5833,251.11,82,77,7.23,RU,1706647391
414,maceio,-9.6658,-35.7353,302.84,70,0,4.12,BR,1706647107
415,tual,-5.6667,132.75,301.81,76,100,7.55,ID,1706647391
416,kargasok,59.0556,80.8572,257.86,95,100,4.82,RU,1706647391
417,kargopol',61.5071,38.9456,270.8,89,12,3.97,RU,1706647391
418,acarau,-2.8856,-40.12,301.09,78,1,7.07,BR,1706647162
419,mugia,43.1041,-9.2179,285.32,78,100,1.55,ES,1706647392
420,vernon,50.2581,-119.2691,282.2,94,100,1.54,CA,1706647214
421,port moresby,-9.4431,147.1797,297.83,94,20,2.57,PG,1706647392
422,sitka,57.0531,-135.33,276.09,81,75,5.66,US,1706647036
423,okhotsk,59.3833,143.3,253.02,77,100,4.1,RU,1706647392
424,vychegodskiy,61.247,46.8984,269.05,94,83,2.58,RU,1706647393
425,trairi,-3.2778,-39.2689,300.76,77,5,5.02,BR,1706647393
426,mouila,-1.8685,11.0559,298.39,93,100,0.43,GA,1706647393
427,prince rupert,54.3161,-130.3201,282.2,81,100,9.26,CA,1706647393
428,kutina,45.475,16.7819,273.68,80,0,0.71,HR,1706647393
429,luena,-11.7833,19.9167,291.25,97,98,1.37,AO,1706647393
430,krasne,49.9145,24.6134,272.63,80,51,2.23,UA,1706647394
431,saldanha,-33.0117,17.9442,293.18,88,29,4.81,ZA,1706647394
432,shakawe,-18.3667,21.85,293.79,82,85,1.04,BW,1706647394
433,yemel'yanovo,56.1681,92.6767,244.86,76,89,0.0,RU,1706647394
434,saynshand,44.8824,110.1163,244.41,96,18,1.95,MN,1706647394
435,freetown,8.484,-13.2299,301.99,74,3,4.63,SL,1706647395
436,sablayan,12.8346,120.769,298.18,76,93,2.11,PH,1706647150
437,zakynthos,37.7914,20.8953,279.62,42,0,8.65,GR,1706647395
438,puli,23.9664,120.9695,289.94,76,1,1.75,TW,1706647395
439,debre mark'os,10.35,37.7333,289.12,57,44,1.34,ET,1706647395
440,ko pha ngan,9.7578,100.0291,297.74,73,22,5.65,TH,1706647395
441,kapuskasing,49.4169,-82.4331,274.2,86,100,4.12,CA,1706647118
442,calipatria,33.1256,-115.5142,299.42,31,0,0.91,US,1706647396
443,dubrovnik,42.6481,18.0922,282.95,27,0,3.09,HR,1706647396
444,lodwar,3.1191,35.5973,305.53,33,99,3.03,KE,1706647396
445,ancud,-41.8697,-73.8203,290.34,77,49,3.87,CL,1706647396
446,fort bragg,35.139,-79.006,286.94,46,0,2.57,US,1706647396
447,trondheim,63.4305,10.3951,274.2,72,40,1.5,NO,1706647222
448,colonia,50.9333,6.95,283.13,73,100,4.63,DE,1706647397
449,oranjemund,-28.55,16.4333,291.6,94,3,2.3,NA,1706647397
450,nizhneudinsk,54.9076,99.0276,243.06,99,19,1.55,RU,1706647119
451,ingeniero jacobacci,-41.3427,-69.5448,302.29,13,0,10.18,AR,1706647397
452,goz beida,13.95,20.55,294.77,18,0,4.47,TD,1706647397
453,caras,-9.0467,-77.8114,294.09,80,96,3.32,PE,1706647398
454,cabedelo,-6.9811,-34.8339,303.52,73,4,5.58,BR,1706647329
455,conduaga,8.862,117.4893,298.21,84,77,2.34,PH,1706647398
456,krasnovishersk,60.4078,57.082,267.46,97,100,0.93,RU,1706647398
457,nishinoomote,30.7333,131.0,290.44,88,100,6.64,JP,1706647398
458,talakan,50.3167,130.3667,240.57,100,94,0.56,RU,1706647398
459,fomboni,-12.28,43.7425,300.86,71,100,4.46,KM,1706647399
460,axim,4.8699,-2.2405,300.05,81,8,3.82,GH,1706647399
461,nyagan,62.1406,65.3936,259.5,95,100,2.93,RU,1706647399
462,furstenfeld,47.05,16.0833,275.94,84,29,0.71,AT,1706647399
463,chililabombwe,-12.3648,27.8229,291.34,89,64,0.93,ZM,1706647400
464,laojunmiao,39.8333,97.7333,265.94,41,100,3.58,CN,1706647400
465,altai,46.3722,96.2583,254.36,59,34,0.77,MN,1706647400
466,sinabang,2.4803,96.3801,299.75,84,76,1.99,ID,1706647400
467,hiratacho,35.4333,132.8167,276.16,93,54,3.6,JP,1706647400
468,kingston,17.997,-76.7936,302.68,71,20,5.14,JM,1706647400
469,xishan,27.6667,113.5,284.93,97,99,0.47,CN,1706647401
470,lalibela,12.0333,39.0333,289.79,72,98,2.16,ET,1706647401
471,mayna,54.1135,47.6231,270.83,91,26,5.38,RU,1706647401
472,lorengau,-2.0226,147.2712,300.99,81,100,4.43,PG,1706647401
473,colon,9.3592,-79.9014,301.02,73,83,6.43,PA,1706647401
474,douentza,14.9951,-2.9517,296.39,14,23,3.16,ML,1706647401
475,zhangye,38.9342,100.4517,268.26,38,100,0.76,CN,1706647154
476,manismata,-2.4667,111.0333,296.68,99,100,0.62,ID,1706647402
477,kuanda,56.3161,116.0806,237.42,96,48,0.44,RU,1706647402
478,bacabal,-4.2917,-44.7917,299.96,87,82,2.11,BR,1706647402
479,harper,4.375,-7.7169,300.56,80,58,3.28,LR,1706647402
480,fauske,67.2588,15.3918,280.17,71,77,5.91,NO,1706647403
481,wanning,18.8003,110.3967,293.38,90,99,0.5,CN,1706647403
482,thinadhoo,0.5333,72.9333,300.22,81,78,2.79,MV,1706647403
483,lerwick,60.1545,-1.1494,281.15,81,100,14.69,GB,1706647403
484,maumere,-8.6199,122.2111,299.71,81,100,1.92,ID,1706647403
485,poronaysk,49.2167,143.1167,250.65,99,85,1.77,RU,1706647404
486,gaspe,48.8334,-64.4819,265.27,49,20,0.0,CA,1706647393
487,mikun',62.3547,50.0771,269.77,89,57,4.18,RU,1706647404
488,la foa,-21.7108,165.8276,299.8,75,84,1.5,NC,1706647404
489,soygaon,20.6,75.6167,294.22,35,78,0.66,IN,1706647404
490,ulanhot,46.0833,122.0833,250.59,88,42,3.09,CN,1706647404
491,teguise,29.0605,-13.564,293.27,17,0,3.09,ES,1706647405
492,bahia de kino,28.8333,-111.9333,300.88,50,91,0.72,MX,1706647405
493,bengkulu,-3.8004,102.2655,297.51,90,99,1.78,ID,1706647405
494,katsuura,35.1333,140.3,282.53,68,8,2.74,JP,1706647405
495,yangquan,37.8575,113.5633,273.39,76,75,0.63,CN,1706647405
496,ixtapa,20.7,-105.2,298.72,73,75,2.06,MX,1706647406
497,kimberley,-28.7323,24.7623,298.98,41,83,3.6,ZA,1706647406
498,sakaiminato,35.55,133.2333,276.14,100,75,0.51,JP,1706647157
499,cannonvale,-20.2833,148.7,299.81,83,100,1.19,AU,1706647406
500,al fuwayliq,26.4432,43.2534,286.37,45,2,4.26,SA,1706647406
501,anantapur,14.6833,77.6,294.19,48,15,2.52,IN,1706647158
502,robit,12.0167,39.6333,291.66,90,100,1.44,ET,1706647407
503,kalampaka,39.7044,21.6269,275.12,59,11,1.9,GR,1706647407
504,duyun,26.2667,107.5167,282.38,99,100,1.42,CN,1706647407
505,wuda,39.4994,106.7117,267.73,41,100,1.92,CN,1706647407
506,tobelo,1.7284,128.0095,299.2,85,59,0.97,ID,1706647407
507,rio branco,-9.9747,-67.81,303.49,74,75,2.06,BR,1706647408
508,viqueque,-8.8673,126.3658,299.04,91,100,1.25,TL,1706647408
509,mont-laurier,46.5501,-75.4993,269.94,88,100,2.33,CA,1706647408
510,sirte,31.2089,16.5887,287.37,55,31,8.95,LY,1706647408
511,togur,58.3631,82.8265,256.07,96,97,3.97,RU,1706647408
512,takoradi,4.8845,-1.7554,300.19,79,21,4.06,GH,1706647409
513,tura,25.5198,90.2201,286.19,50,0,1.65,IN,1706647409
514,chamical,-30.36,-66.314,312.47,15,0,9.46,AR,1706647409
515,primorsk,46.7348,36.3443,273.21,74,20,3.32,UA,1706647409
516,abepura,-2.6333,140.5833,297.6,100,20,0.51,ID,1706647409
517,turkmenbasy,40.0222,52.9552,275.58,87,100,0.0,TM,1706647410
518,dongcun,36.7767,121.1597,276.97,95,100,1.46,CN,1706647410
519,hirara,24.8,125.2833,293.07,88,20,3.6,JP,1706647410
520,wenchang,30.904,118.4887,284.02,93,100,1.01,CN,1706647410
521,greymouth,-42.4667,171.2,291.86,65,1,2.34,NZ,1706647410
522,mahenge,-8.6833,36.7167,291.35,97,100,0.47,TZ,1706647411
523,berdigestyakh,62.0989,126.6992,246.14,98,100,2.26,RU,1706647411
524,markaz-e woluswali-ye achin,34.1258,70.7078,282.38,74,98,0.72,AF,1706647411
525,loharu,28.45,75.8167,285.85,65,3,3.39,IN,1706647411
526,tremonton,41.7119,-112.1655,281.83,76,0,0.0,US,1706647411
527,karmaskaly,54.3709,56.1837,267.1,96,98,3.06,RU,1706647412
528,plaza huincul,-38.926,-69.2086,308.79,10,1,0.45,AR,1706647412
529,massakory,12.996,15.7293,296.37,15,2,7.12,TD,1706647412
530,olavarria,-36.8927,-60.3225,311.33,14,3,1.77,AR,1706647317
531,farkhor,37.4922,69.4036,277.76,70,100,4.72,TJ,1706647412
532,amethi,26.15,81.8167,284.71,69,1,2.01,IN,1706647413
533,howard springs,-12.497,131.047,300.1,95,76,2.46,AU,1706647413
534,lovington,32.944,-103.3485,291.66,24,98,0.94,US,1706647413
535,al mindak,20.1588,41.2834,287.93,83,100,2.53,SA,1706647413
536,vadso,70.0744,29.7487,277.24,70,20,15.43,NO,1706647413
537,lobujya,27.95,86.8167,254.04,56,16,1.48,NP,1706647413
538,charlottetown,46.2352,-63.1267,267.47,74,100,6.71,CA,1706647282
539,pandan,14.0453,124.1694,298.14,82,96,7.0,PH,1706647414
540,sparta,43.9441,-90.8129,277.89,77,100,2.06,US,1706647414
541,santa maria maddalena,44.8957,11.6084,274.33,62,48,1.06,IT,1706647414
542,simpang,-1.2667,104.0833,296.85,95,98,1.22,ID,1706647414
543,aras-asan,8.8908,126.3033,298.49,91,100,4.75,PH,1706647414
544,mahina,-17.5065,-149.489,303.02,74,75,4.63,PF,1706647415
545,oppdal,62.5943,9.6912,265.79,48,7,4.97,NO,1706647415
546,ambatondrazaka,-17.8333,48.4167,292.04,93,76,1.29,MG,1706647415
547,malakal,9.5334,31.6605,300.5,15,100,4.18,SS,1706647415
548,brookings,44.3114,-96.7984,280.15,70,0,2.57,US,1706647415
549,aioun,16.6614,-9.6149,295.48,10,38,4.98,MR,1706647415
550,floro,61.5996,5.0328,277.13,70,75,7.2,NO,1706647416
551,chibougamau,49.9168,-74.3659,267.94,80,100,5.14,CA,1706647416
552,santa ana hueytlalpan,20.1833,-98.3,287.49,59,100,3.09,MX,1706647416
553,fort-shevchenko,44.5086,50.263,273.35,65,96,8.4,KZ,1706647416
554,byron bay,-28.65,153.6167,295.21,77,98,3.65,AU,1706647416
555,corte,42.25,9.25,280.13,81,86,1.08,FR,1706647416
556,igurubi,-4.0,33.7,293.12,91,100,3.59,TZ,1706647417
557,yuzhno-kurilsk,44.0306,145.8556,271.14,71,66,4.5,RU,1706647417
558,cuatro cienegas de carranza,26.9833,-102.0833,295.27,28,5,3.59,MX,1706647417
559,turpan,42.9333,89.1667,272.04,46,100,0.46,CN,1706647417
560,batticaloa,7.7102,81.6924,298.37,87,12,2.16,LK,1706647417
561,kolonia town,6.964,158.206,300.15,74,40,3.09,FM,1706647418
562,camocim,-2.9022,-40.8411,301.28,77,1,6.1,BR,1706647418
563,khandyga,62.6667,135.6,230.7,100,100,0.88,RU,1706647418
564,chimore,-16.9833,-65.1333,302.35,76,56,1.46,BO,1706647418
565,pauini,-7.7136,-66.9764,301.48,87,100,0.46,BR,1706647418
566,northam,51.0333,-4.2167,276.14,77,79,1.48,GB,1706647418
567,redencao,-4.2258,-38.7306,301.21,66,2,3.06,BR,1706647418
568,tukrah,32.5341,20.5791,283.38,71,100,9.28,LY,1706647419
569,ad darb,17.7229,42.2526,298.68,67,32,4.0,SA,1706647419
570,protaras,35.0125,34.0583,285.37,72,90,4.02,CY,1706647419
571,aquidauana,-20.4711,-55.7872,304.8,45,58,2.74,BR,1706647419
572,pekin,39.9075,116.3972,270.09,67,70,2.26,CN,1706647286
573,kintampo,8.0563,-1.7306,302.96,15,31,1.15,GH,1706647419
574,itaberaba,-12.5275,-40.3069,301.2,55,7,1.69,BR,1706647420
575,la tuque,47.4334,-72.7824,266.29,45,100,3.6,CA,1706647420
576,mount pleasant,32.7941,-79.8626,291.14,47,0,4.63,US,1706647180
577,tondano,1.3038,124.9112,294.2,95,95,1.3,ID,1706647420
578,tuy hoa,13.0833,109.3,293.83,95,95,1.64,VN,1706647420
579,murashi,59.3999,48.9615,270.58,87,89,5.05,RU,1706647421
580,miastko,54.0028,16.9826,276.97,80,100,3.77,PL,1706647421
581,at taj,24.2049,23.2857,282.11,45,0,3.98,LY,1706647421
582,sisak,45.4661,16.3783,270.14,84,4,0.96,HR,1706647421
583,gaiman,-43.2897,-65.4929,306.24,13,0,7.78,AR,1706647421
584,pagar alam,-4.0167,103.2667,293.9,99,100,0.06,ID,1706647421
585,kuusamo,65.9667,29.1833,271.17,86,0,6.17,FI,1706647422
586,bamboo flat,11.7,92.7167,299.2,89,20,0.0,IN,1706647422
587,bubaque,11.2833,-15.8333,298.94,70,100,5.08,GW,1706647422
588,labytnangi,66.6572,66.4183,257.87,96,100,2.99,RU,1706647422
589,beau vallon,-20.4189,57.6953,299.28,83,40,1.54,MU,1706647422
590,preobrazheniye,42.9019,133.9064,269.33,84,100,1.82,RU,1706647422
591,ben mehidi,36.7697,7.9064,283.14,93,0,1.03,DZ,1706647423
592,flying fish cove,-10.4217,105.6791,297.97,100,98,1.54,CX,1706647423
593,francisco sa,-16.4758,-43.4883,301.23,88,100,0.31,BR,1706647423
594,bogotol,56.2078,89.5342,250.57,100,75,2.63,RU,1706647423
595,totness,5.8833,-56.3167,300.64,76,30,5.89,SR,1706647423
596,bikin,46.8161,134.26,256.65,97,100,0.65,RU,1706647423
597,arraial do cabo,-22.9661,-42.0278,301.07,83,75,4.12,BR,1706647424
598,shuangjiang,26.1547,109.7138,282.59,99,100,0.52,CN,1706647424
599,clodomira,-27.5744,-64.1311,314.66,14,0,3.96,AR,1706647424
600,uacu cungo,-11.3634,15.1208,291.42,94,97,0.32,AO,1706647424
601,greifswald,54.1,13.3833,278.75,100,100,6.35,DE,1706647424
602,kulhudhuffushi,6.6221,73.07,301.01,73,22,4.05,MV,1706647424
603,itoman,26.1247,127.6694,295.58,81,100,5.66,JP,1706647425
604,mpanda,-6.3655,31.0409,291.37,97,100,0.93,TZ,1706647425
